﻿<?xml version="1.0"?>
<doc>
<assembly>
<name>
AppUpdate
</name>
</assembly>
<members>
<member name="T:AppUpdate.My.Resources.Resources">
<summary>
  A strongly-typed resource class, for looking up localized strings, etc.
</summary>
</member>
<member name="P:AppUpdate.My.Resources.Resources.ResourceManager">
<summary>
  Returns the cached ResourceManager instance used by this class.
</summary>
</member>
<member name="P:AppUpdate.My.Resources.Resources.Culture">
<summary>
  Overrides the current thread's CurrentUICulture property for all
  resource lookups using this strongly typed resource class.
</summary>
</member>
<member name="P:AppUpdate.My.Resources.Resources.clock_go">
<summary>
  Looks up a localized resource of type System.Drawing.Bitmap.
</summary>
</member>
<member name="P:AppUpdate.My.Resources.Resources.download">
<summary>
  Looks up a localized resource of type System.Drawing.Bitmap.
</summary>
</member>
<member name="P:AppUpdate.My.Resources.Resources.download_32">
<summary>
  Looks up a localized resource of type System.Drawing.Bitmap.
</summary>
</member>
<member name="P:AppUpdate.My.Resources.Resources.DownloadSpeedMessage">
<summary>
  Looks up a localized string similar to Downloading at {0}/s.
</summary>
</member>
<member name="P:AppUpdate.My.Resources.Resources.FileIntegrityCheckFailedCaption">
<summary>
  Looks up a localized string similar to Checksum differs.
</summary>
</member>
<member name="P:AppUpdate.My.Resources.Resources.FileIntegrityCheckFailedMessage">
<summary>
  Looks up a localized string similar to File integrity check failed and reported some errors..
</summary>
</member>
<member name="P:AppUpdate.My.Resources.Resources.hand_point">
<summary>
  Looks up a localized resource of type System.Drawing.Bitmap.
</summary>
</member>
<member name="P:AppUpdate.My.Resources.Resources.HashAlgorithmNotSupportedCaption">
<summary>
  Looks up a localized string similar to Unsupported Hash Algorithm.
</summary>
</member>
<member name="P:AppUpdate.My.Resources.Resources.HashAlgorithmNotSupportedMessage">
<summary>
  Looks up a localized string similar to Hash algorithm provided in the XML file is not supported..
</summary>
</member>
<member name="P:AppUpdate.My.Resources.Resources.update">
<summary>
  Looks up a localized resource of type System.Drawing.Bitmap.
</summary>
</member>
<member name="P:AppUpdate.My.Resources.Resources.update1">
<summary>
  Looks up a localized resource of type System.Drawing.Bitmap.
</summary>
</member>
<member name="P:AppUpdate.My.Resources.Resources.UpdateCheckFailedCaption">
<summary>
  Looks up a localized string similar to Update Check Failed.
</summary>
</member>
<member name="P:AppUpdate.My.Resources.Resources.UpdateCheckFailedMessage">
<summary>
  Looks up a localized string similar to There is a problem reaching update server. Please check your internet connection and try again later..
</summary>
</member>
<member name="P:AppUpdate.My.Resources.Resources.UpdateUnavailableCaption">
<summary>
  Looks up a localized string similar to Update Unavailable.
</summary>
</member>
<member name="P:AppUpdate.My.Resources.Resources.UpdateUnavailableMessage">
<summary>
  Looks up a localized string similar to There is no update available. Please try again later..
</summary>
</member>
<member name="P:AppUpdate.My.Resources.Resources.ZipExtractor">
<summary>
  Looks up a localized resource of type System.Byte[].
</summary>
</member>
</members>
</doc>
